{"cameraMode":{"drawMode":0,"name":"Shaded","section":"Shading Mode"},"sceneLighting":false,"audioPlay":false,"sceneViewState":{"showFog":true,"showMaterialUpdate":false,"showSkybox":false,"showFlares":true,"showImageEffects":true,"showParticleSystems":true},"in2DMode":false,"pivot":{"x":-2.318783760070801,"y":0.804510235786438,"z":-6.872159004211426},"rotation":{"x":0.0007239010883495212,"y":0.9982004761695862,"z":-0.05877137929201126,"w":0.012279137037694455},"size":8.227364540100098,"orthographic":false}